{
 "actions": [],
 "allow_rename": 1,
 "creation": "2025-09-01 15:53:43.959503",
 "doctype": "DocType",
 "editable_grid": 1,
 "engine": "InnoDB",
 "field_order": [
  "baps_project",
  "item_type",
  "item_no",
  "status",
  "site"
 ],
 "fields": [
  {
   "depends_on": "eval:frappe.user_role && frappe.user_roles.includes('Transportation Receiver')",
   "fieldname": "status",
   "fieldtype": "Select",
   "in_list_view": 1,
   "label": "Status",
   "mandatory_depends_on": "eval:frappe.user_role && frappe.user_roles.includes('Transportation Receiver')",
   "options": "\nReceived\nNot in this\nSend to site"
  },
  {
   "depends_on": "eval:frappe.user_role && frappe.user_roles.includes('Transportation Receiver')",
   "fieldname": "site",
   "fieldtype": "Link",
   "in_list_view": 1,
   "label": "Site",
   "options": "Site",
   "read_only_depends_on": "eval:doc.status == 'Received' || doc.status == 'Not in this'"
  },
  {
   "fieldname": "item_type",
   "fieldtype": "Data",
   "in_list_view": 1,
   "label": "Item Type",
   "read_only": 1,
   "reqd": 1
  },
  {
   "fieldname": "baps_project",
   "fieldtype": "Link",
   "in_list_view": 1,
   "label": "Project ",
   "options": "Baps Project",
   "read_only": 1,
   "reqd": 1
  },
  {
   "fieldname": "item_no",
   "fieldtype": "Data",
   "in_list_view": 1,
   "label": "Item No",
   "read_only": 1,
   "reqd": 1
  }
 ],
 "grid_page_length": 50,
 "index_web_pages_for_search": 1,
 "istable": 1,
 "links": [],
 "modified": "2025-10-15 17:46:03.969454",
 "modified_by": "Administrator",
 "module": "Baps",
 "name": "Transportation Status R",
 "owner": "admin@gmail.com",
 "permissions": [],
 "row_format": "Dynamic",
 "sort_field": "modified",
 "sort_order": "DESC",
 "states": []
}