{
 "actions": [],
 "allow_rename": 1,
 "creation": "2025-08-30 15:43:33.760117",
 "doctype": "DocType",
 "engine": "InnoDB",
 "field_order": [
  "trade_partner_site",
  "contact_name",
  "contact_number"
 ],
 "fields": [
  {
   "fieldname": "contact_name",
   "fieldtype": "Data",
   "in_list_view": 1,
   "label": "Contact Name"
  },
  {
   "fieldname": "contact_number",
   "fieldtype": "Data",
   "in_list_view": 1,
   "label": "Contact Number"
  },
  {
   "fieldname": "trade_partner_site",
   "fieldtype": "Data",
   "in_list_view": 1,
   "label": "Trade Partner Site"
  }
 ],
 "grid_page_length": 50,
 "index_web_pages_for_search": 1,
 "istable": 1,
 "links": [],
 "modified": "2025-09-03 15:48:34.146234",
 "modified_by": "Administrator",
 "module": "Baps",
 "name": "Connection",
 "owner": "Administrator",
 "permissions": [],
 "row_format": "Dynamic",
 "sort_field": "modified",
 "sort_order": "DESC",
 "states": []
}