{
 "actions": [],
 "allow_rename": 1,
 "creation": "2025-09-22 10:12:11.313500",
 "doctype": "DocType",
 "engine": "InnoDB",
 "field_order": [
  "stone_code",
  "stone_name",
  "l1",
  "l2",
  "b1",
  "b2",
  "h1",
  "h2",
  "volume"
 ],
 "fields": [
  {
   "fieldname": "stone_code",
   "fieldtype": "Data",
   "in_list_view": 1,
   "label": "Stone Code"
  },
  {
   "fieldname": "stone_name",
   "fieldtype": "Data",
   "in_list_view": 1,
   "label": "Stone Name"
  },
  {
   "fieldname": "l1",
   "fieldtype": "Int",
   "in_list_view": 1,
   "label": "L1"
  },
  {
   "fieldname": "l2",
   "fieldtype": "Float",
   "in_list_view": 1,
   "label": "L2"
  },
  {
   "fieldname": "b1",
   "fieldtype": "Int",
   "in_list_view": 1,
   "label": "B1"
  },
  {
   "fieldname": "b2",
   "fieldtype": "Float",
   "in_list_view": 1,
   "label": "B2"
  },
  {
   "fieldname": "h1",
   "fieldtype": "Int",
   "in_list_view": 1,
   "label": "H1"
  },
  {
   "fieldname": "h2",
   "fieldtype": "Float",
   "in_list_view": 1,
   "label": "H2"
  },
  {
   "fieldname": "volume",
   "fieldtype": "Float",
   "in_list_view": 1,
   "label": "Volume"
  }
 ],
 "grid_page_length": 50,
 "index_web_pages_for_search": 1,
 "istable": 1,
 "links": [],
 "modified": "2025-09-22 11:26:03.109494",
 "modified_by": "Administrator",
 "module": "Baps",
 "name": "Size List Creation Item",
 "owner": "Administrator",
 "permissions": [],
 "row_format": "Dynamic",
 "sort_field": "modified",
 "sort_order": "DESC",
 "states": []
}