{
 "actions": [],
 "allow_rename": 1,
 "creation": "2025-08-29 12:46:46.146173",
 "doctype": "DocType",
 "editable_grid": 1,
 "engine": "InnoDB",
 "field_order": [
  "stone_number",
  "size_list_reference",
  "volume"
 ],
 "fields": [
  {
   "fieldname": "stone_number",
   "fieldtype": "Data",
   "in_list_view": 1,
   "label": "Stone Number"
  },
  {
   "fieldname": "size_list_reference",
   "fieldtype": "Link",
   "in_list_view": 1,
   "label": "Size List",
   "options": "Size List Form"
  },
  {
   "fieldname": "volume",
   "fieldtype": "Float",
   "in_list_view": 1,
   "label": "Volume"
  }
 ],
 "grid_page_length": 50,
 "index_web_pages_for_search": 1,
 "istable": 1,
 "links": [],
 "modified": "2025-10-16 15:01:44.117219",
 "modified_by": "Administrator",
 "module": "Baps",
 "name": "Transport Stone List",
 "owner": "Administrator",
 "permissions": [],
 "row_format": "Dynamic",
 "sort_field": "modified",
 "sort_order": "DESC",
 "states": []
}