{
 "actions": [],
 "allow_rename": 1,
 "creation": "2025-09-02 12:13:40.975692",
 "doctype": "DocType",
 "editable_grid": 1,
 "engine": "InnoDB",
 "field_order": [
  "date",
  "lot_no",
  "block_count",
  "column_break_xqnq",
  "invoice_no",
  "total_volume",
  "truck_block_weight"
 ],
 "fields": [
  {
   "fieldname": "date",
   "fieldtype": "Date",
   "label": "Date"
  },
  {
   "fieldname": "lot_no",
   "fieldtype": "Data",
   "in_list_view": 1,
   "label": "Lot No"
  },
  {
   "fieldname": "block_count",
   "fieldtype": "Int",
   "in_list_view": 1,
   "label": "Block Count"
  },
  {
   "fieldname": "column_break_xqnq",
   "fieldtype": "Column Break"
  },
  {
   "fieldname": "invoice_no",
   "fieldtype": "Data",
   "label": "Invoice No"
  },
  {
   "fieldname": "total_volume",
   "fieldtype": "Float",
   "in_list_view": 1,
   "label": "Total Volume"
  },
  {
   "fieldname": "truck_block_weight",
   "fieldtype": "Float",
   "in_list_view": 1,
   "label": "Truck Block Weight"
  }
 ],
 "grid_page_length": 50,
 "index_web_pages_for_search": 1,
 "istable": 1,
 "links": [],
 "modified": "2025-09-03 17:11:39.753166",
 "modified_by": "Administrator",
 "module": "Baps",
 "name": "Lot Procurement Items",
 "owner": "admin@gmail.com",
 "permissions": [],
 "row_format": "Dynamic",
 "sort_field": "modified",
 "sort_order": "DESC",
 "states": []
}