{
 "actions": [],
 "creation": "2025-09-25 14:45:00.000000",
 "doctype": "DocType",
 "engine": "InnoDB",
 "field_order": [
  "stone_name",
  "stone_code",
  "column_break_1",
  "range",
  "pcs",
  "section_break_2",
  "l1",
  "l2",
  "column_break_3",
  "b1", 
  "b2",
  "column_break_4",
  "h1",
  "h2",
  "section_break_5",
  "volume",
  "column_break_6",
  "weight",
  "ctw"
 ],
 "fields": [
  {
   "fieldname": "stone_name",
   "fieldtype": "Link",
   "in_list_view": 1,
   "label": "Stone Name",
   "options": "Stone Name",
   "reqd": 1
  },
  {
   "fieldname": "stone_code",
   "fieldtype": "Data",
   "in_list_view": 1,
   "label": "Stone Code"
  },
  {
   "fieldname": "range",
   "fieldtype": "Data",
   "in_list_view": 1,
   "label": "Range"
  },
  {
   "fieldname": "pcs",
   "fieldtype": "Int",
   "in_list_view": 1,
   "label": "Pcs"
  },
  {
   "fieldname": "l1",
   "fieldtype": "Float",
   "label": "L1"
  },
  {
   "fieldname": "l2", 
   "fieldtype": "Float",
   "label": "L2"
  },
  {
   "fieldname": "b1",
   "fieldtype": "Float", 
   "label": "B1"
  },
  {
   "fieldname": "b2",
   "fieldtype": "Float",
   "label": "B2"
  },
  {
   "fieldname": "h1",
   "fieldtype": "Float",
   "label": "H1"
  },
  {
   "fieldname": "h2",
   "fieldtype": "Float",
   "label": "H2"
  },
  {
   "fieldname": "volume",
   "fieldtype": "Float",
   "label": "Volume",
   "precision": "3"
  },
  {
   "fieldname": "weight",
   "fieldtype": "Float", 
   "label": "Weight"
  },
  {
   "fieldname": "ctw",
   "fieldtype": "Float",
   "label": "CTW"
  },
  {
   "fieldname": "column_break_1",
   "fieldtype": "Column Break"
  },
  {
   "fieldname": "section_break_2",
   "fieldtype": "Section Break"
  },
  {
   "fieldname": "column_break_3",
   "fieldtype": "Column Break"
  },
  {
   "fieldname": "column_break_4",
   "fieldtype": "Column Break"
  },
  {
   "fieldname": "section_break_5",
   "fieldtype": "Section Break"
  },
  {
   "fieldname": "column_break_6",
   "fieldtype": "Column Break"
  }
 ],
 "index_web_pages_for_search": 1,
 "istable": 1,
 "links": [],
 "modified": "2025-09-25 14:45:00.000000",
 "modified_by": "Administrator", 
 "module": "Baps",
 "name": "Size List Generation Details",
 "owner": "Administrator",
 "permissions": [],
 "sort_field": "modified",
 "sort_order": "DESC",
 "states": [],
 "track_changes": 1
}
