{
 "actions": [],
 "allow_rename": 1,
 "creation": "2025-09-03 14:52:20.610956",
 "doctype": "DocType",
 "engine": "InnoDB",
 "field_order": [
  "item_no",
  "column_break_gppf",
  "item_type",
  "column_break_rucj",
  "baps_project"
 ],
 "fields": [
  {
   "fieldname": "column_break_gppf",
   "fieldtype": "Column Break"
  },
  {
   "fieldname": "column_break_rucj",
   "fieldtype": "Column Break"
  },
  {
   "fieldname": "item_type",
   "fieldtype": "Link",
   "in_list_view": 1,
   "label": "Item Type",
   "options": "Item Type",
   "read_only": 1
  },
  {
   "fieldname": "baps_project",
   "fieldtype": "Link",
   "in_list_view": 1,
   "label": "Project",
   "options": "Baps Project",
   "read_only": 1
  },
  {
   "fieldname": "item_no",
   "fieldtype": "Data",
   "in_filter": 1,
   "in_list_view": 1,
   "label": "Item No"
  }
 ],
 "grid_page_length": 50,
 "index_web_pages_for_search": 1,
 "istable": 1,
 "links": [],
 "modified": "2025-10-07 16:31:53.400921",
 "modified_by": "Administrator",
 "module": "Baps",
 "name": "Transport Item Table",
 "owner": "Administrator",
 "permissions": [],
 "row_format": "Dynamic",
 "sort_field": "modified",
 "sort_order": "DESC",
 "states": []
}